id;operator_code;description;bean_name;number_of_params
1;Outdoors Generic withdrawal;Automotive;digital;87651
2;Architect Checking Account;Reverse-engineered Practical Concrete Chips;purple Ergonomic Soft Computer;30022
3;indexing Small multi-byte;Gorgeous mobile;Intelligent Cotton Car Associate Horizontal;45530
4;primary microchip deposit;Garden;Future Sleek Cotton Bacon;85965
5;Regional EXE;wireless;wireless invoice;52128
6;Cedi;bleeding-edge;Cambridgeshire technologies exploit;89880
7;Principal Sleek back-end;Metal Soft;synergistic Practical Granite Shoes Borders;32954
8;violet;hard drive repurpose;Computers;97629
9;project;interactive;Ergonomic Metal Table;15960
10;USB national;Fields relationships;policy Outdoors;76653
